{"initial_reset_timestamp": 1553480286.6931798, "timestamps": [1553480333.338113], "episode_lengths": [999], "episode_rewards": [-8924.815255490776], "episode_types": ["t"]}