{"initial_reset_timestamp": 1553478370.779487, "timestamps": [1553478371.3193102], "episode_lengths": [999], "episode_rewards": [-6590.896075178387], "episode_types": ["t"]}