{"initial_reset_timestamp": 1553478927.474475, "timestamps": [1553478927.897363], "episode_lengths": [999], "episode_rewards": [-7290.118563384493], "episode_types": ["t"]}