{"initial_reset_timestamp": 1553529102.9729059, "timestamps": [1553529112.3848152], "episode_lengths": [200], "episode_rewards": [-1089.169632704177], "episode_types": ["t"]}