{"initial_reset_timestamp": 1553529439.180272, "timestamps": [1553529448.459188], "episode_lengths": [200], "episode_rewards": [-945.102160013951], "episode_types": ["t"]}