{"initial_reset_timestamp": 1553478568.925938, "timestamps": [1553478569.370948], "episode_lengths": [999], "episode_rewards": [-6345.7038616967675], "episode_types": ["t"]}