{"initial_reset_timestamp": 1553474269.288557, "timestamps": [1553474277.9997451], "episode_lengths": [200], "episode_rewards": [-1293.143074216961], "episode_types": ["t"]}