{"initial_reset_timestamp": 1553528881.867587, "timestamps": [1553528891.500811], "episode_lengths": [200], "episode_rewards": [-774.5339377995683], "episode_types": ["t"]}