{"initial_reset_timestamp": 1553473812.535104, "timestamps": [1553473821.2944472], "episode_lengths": [200], "episode_rewards": [-1067.8119853299415], "episode_types": ["t"]}