{"initial_reset_timestamp": 1553478436.207189, "timestamps": [1553478436.7739], "episode_lengths": [999], "episode_rewards": [-3849.199869643568], "episode_types": ["t"]}