{"initial_reset_timestamp": 1553489432.1901991, "timestamps": [1553489441.723107], "episode_lengths": [200], "episode_rewards": [-1208.7204590922613], "episode_types": ["t"]}