{"initial_reset_timestamp": 1553478246.034174, "timestamps": [1553478246.546536], "episode_lengths": [999], "episode_rewards": [-3963.643352767821], "episode_types": ["t"]}