{"initial_reset_timestamp": 1553489235.108556, "timestamps": [1553489244.549879], "episode_lengths": [200], "episode_rewards": [-1198.2407452028012], "episode_types": ["t"]}