{"initial_reset_timestamp": 1553529332.0757031, "timestamps": [1553529342.941569], "episode_lengths": [200], "episode_rewards": [-1010.853865711196], "episode_types": ["t"]}