{"initial_reset_timestamp": 1553478749.81471, "timestamps": [1553478750.366086], "episode_lengths": [999], "episode_rewards": [-4090.432902924424], "episode_types": ["t"]}