{"initial_reset_timestamp": 1553528481.964342, "timestamps": [1553528494.7374], "episode_lengths": [200], "episode_rewards": [-1254.0668587666069], "episode_types": ["t"]}