{"initial_reset_timestamp": 1553474040.777806, "timestamps": [1553474049.587345], "episode_lengths": [200], "episode_rewards": [-1154.615437638462], "episode_types": ["t"]}