{"initial_reset_timestamp": 1553478988.5028322, "timestamps": [1553478988.978153], "episode_lengths": [999], "episode_rewards": [-6455.0048706821635], "episode_types": ["t"]}