{"initial_reset_timestamp": 1553480916.272382, "timestamps": [1553480961.595694], "episode_lengths": [999], "episode_rewards": [-8208.03186718881], "episode_types": ["t"]}