{"initial_reset_timestamp": 1553478690.467015, "timestamps": [1553478690.9504268], "episode_lengths": [999], "episode_rewards": [-7274.6519099266925], "episode_types": ["t"]}