{"initial_reset_timestamp": 1553528784.0651278, "timestamps": [1553528793.434294], "episode_lengths": [200], "episode_rewards": [-1743.1624523387632], "episode_types": ["t"]}