{"initial_reset_timestamp": 1553489319.886671, "timestamps": [1553489329.3492758], "episode_lengths": [200], "episode_rewards": [-1559.1915031713124], "episode_types": ["t"]}