{"initial_reset_timestamp": 1553489178.413578, "timestamps": [1553489187.839159], "episode_lengths": [200], "episode_rewards": [-801.2892294299936], "episode_types": ["t"]}