{"initial_reset_timestamp": 1553489492.864325, "timestamps": [1553489502.867177], "episode_lengths": [200], "episode_rewards": [-1092.6889015101792], "episode_types": ["t"]}