{"initial_reset_timestamp": 1553489348.104161, "timestamps": [1553489357.3397288], "episode_lengths": [200], "episode_rewards": [-1293.6817148233902], "episode_types": ["t"]}