{"initial_reset_timestamp": 1553489460.881263, "timestamps": [1553489471.08766], "episode_lengths": [200], "episode_rewards": [-1167.038184040774], "episode_types": ["t"]}