{"initial_reset_timestamp": 1553478630.888117, "timestamps": [1553478631.333198], "episode_lengths": [999], "episode_rewards": [-6024.065344075943], "episode_types": ["t"]}