{"initial_reset_timestamp": 1553450315.1029792, "timestamps": [1553450329.9445949], "episode_lengths": [1000], "episode_rewards": [88.79563141530677], "episode_types": ["t"]}