{"initial_reset_timestamp": 1553489291.513334, "timestamps": [1553489300.959729], "episode_lengths": [200], "episode_rewards": [-1084.598186344029], "episode_types": ["t"]}