{"initial_reset_timestamp": 1553474987.559327, "timestamps": [1553474996.488631], "episode_lengths": [200], "episode_rewards": [-1885.911690147871], "episode_types": ["t"]}