{"initial_reset_timestamp": 1553473585.286916, "timestamps": [1553473593.997546], "episode_lengths": [200], "episode_rewards": [-860.8225202451523], "episode_types": ["t"]}