{"initial_reset_timestamp": 1553489263.5671139, "timestamps": [1553489273.068577], "episode_lengths": [200], "episode_rewards": [-1160.2937245075082], "episode_types": ["t"]}