{"initial_reset_timestamp": 1553529220.171227, "timestamps": [1553529230.146353], "episode_lengths": [200], "episode_rewards": [-1368.3395353296387], "episode_types": ["t"]}