{"initial_reset_timestamp": 1553528686.6400158, "timestamps": [1553528696.182281], "episode_lengths": [200], "episode_rewards": [-1343.8388697898824], "episode_types": ["t"]}