{"initial_reset_timestamp": 1553489376.1461189, "timestamps": [1553489385.522235], "episode_lengths": [200], "episode_rewards": [-1271.20714003559], "episode_types": ["t"]}