{"initial_reset_timestamp": 1553489206.963933, "timestamps": [1553489216.264721], "episode_lengths": [200], "episode_rewards": [-1046.4909007143208], "episode_types": ["t"]}