{"initial_reset_timestamp": 1553483602.381291, "timestamps": [1553483664.070698], "episode_lengths": [999], "episode_rewards": [-5889.858010684129], "episode_types": ["t"]}