{"initial_reset_timestamp": 1553528998.00669, "timestamps": [1553529008.940369], "episode_lengths": [200], "episode_rewards": [-1115.0983231790806], "episode_types": ["t"]}