{"initial_reset_timestamp": 1553478508.060163, "timestamps": [1553478508.528818], "episode_lengths": [999], "episode_rewards": [-6056.847009056931], "episode_types": ["t"]}