{"initial_reset_timestamp": 1553478868.0628679, "timestamps": [1553478868.565784], "episode_lengths": [999], "episode_rewards": [-5343.3391952531865], "episode_types": ["t"]}