{"initial_reset_timestamp": 1553489524.856352, "timestamps": [1553489535.339272], "episode_lengths": [200], "episode_rewards": [-1338.0010608643001], "episode_types": ["t"]}