{"initial_reset_timestamp": 1553489556.210347, "timestamps": [1553489566.529901], "episode_lengths": [200], "episode_rewards": [-1036.6073279440936], "episode_types": ["t"]}