{"initial_reset_timestamp": 1553528588.024448, "timestamps": [1553528597.8213298], "episode_lengths": [200], "episode_rewards": [-1299.3427496952525], "episode_types": ["t"]}