{"initial_reset_timestamp": 1553489148.4938471, "timestamps": [1553489159.629906], "episode_lengths": [200], "episode_rewards": [-1223.225740735772], "episode_types": ["t"]}