{"initial_reset_timestamp": 1553489404.129983, "timestamps": [1553489413.6694348], "episode_lengths": [200], "episode_rewards": [-1394.7911816459425], "episode_types": ["t"]}