{"initial_reset_timestamp": 1553474519.756819, "timestamps": [1553474528.73367], "episode_lengths": [200], "episode_rewards": [-887.0234541693861], "episode_types": ["t"]}