{"initial_reset_timestamp": 1553474753.289566, "timestamps": [1553474762.194159], "episode_lengths": [200], "episode_rewards": [-1182.2620202447197], "episode_types": ["t"]}