{"initial_reset_timestamp": 1553478305.472758, "timestamps": [1553478305.9485319], "episode_lengths": [999], "episode_rewards": [-6663.791539318035], "episode_types": ["t"]}